position1,position2,t(s),position1_corr,position2_corr
1.480712890625,1.46728515625,0.444338321685791,-1.077880859375,-1.06689453125
1.480712890625,1.46728515625,0.956283807754517,-1.077880859375,-1.06689453125
1.480712890625,1.46728515625,1.21223950386047,-1.077880859375,-1.06689453125
1.480712890625,1.46728515625,1.46819305419922,-1.077880859375,-1.06689453125
1.480712890625,1.46728515625,1.72446084022522,-1.077880859375,-1.06689453125
1.480712890625,1.46728515625,1.98025178909302,-1.077880859375,-1.06689453125
1.480712890625,1.46728515625,2.23617506027222,-1.077880859375,-1.06689453125
1.480712890625,1.46728515625,2.49218392372131,-1.077880859375,-1.06689453125
1.480712890625,1.46728515625,2.74815654754639,-1.077880859375,-1.06689453125
1.480712890625,1.466064453125,3.00399088859558,-1.077880859375,-1.068115234375
1.480712890625,1.46728515625,3.26000070571899,-1.077880859375,-1.06689453125
1.480712890625,1.46728515625,3.51595568656921,-1.077880859375,-1.06689453125
1.480712890625,1.46728515625,3.77192449569702,-1.077880859375,-1.06689453125
1.480712890625,1.46728515625,4.02784729003906,-1.077880859375,-1.06689453125
1.480712890625,1.46728515625,4.28384804725647,-1.077880859375,-1.06689453125
1.480712890625,1.46728515625,4.53975820541382,-1.077880859375,-1.06689453125
1.480712890625,1.46728515625,4.79575133323669,-1.077880859375,-1.06689453125
1.480712890625,1.46728515625,5.051677942276,-1.077880859375,-1.06689453125
1.484375,1.4697265625,5.56360578536987,-1.07421875,-1.064453125
1.492919921875,1.473388671875,5.81959867477417,-1.065673828125,-1.060791015625
1.49658203125,1.480712890625,6.07560300827026,-1.06201171875,-1.053466796875
1.50146484375,1.4892578125,6.3315281867981,-1.05712890625,-1.044921875
1.50634765625,1.500244140625,6.5874457359314,-1.05224609375,-1.033935546875
1.51611328125,1.510009765625,6.84337902069092,-1.04248046875,-1.024169921875
1.52587890625,1.517333984375,7.09939575195313,-1.03271484375,-1.016845703125
1.5380859375,1.522216796875,7.61151647567749,-1.0205078125,-1.011962890625
1.539306640625,1.522216796875,7.86735343933106,-1.019287109375,-1.011962890625
1.54052734375,1.5234375,8.12332105636597,-1.01806640625,-1.0107421875
1.54052734375,1.5234375,8.3792462348938,-1.01806640625,-1.0107421875
1.541748046875,1.5234375,8.63517022132874,-1.016845703125,-1.0107421875
1.541748046875,1.5234375,8.89110565185547,-1.016845703125,-1.0107421875
1.541748046875,1.5234375,9.14707660675049,-1.016845703125,-1.0107421875
1.541748046875,1.524658203125,9.40296578407288,-1.016845703125,-1.009521484375
1.541748046875,1.524658203125,9.65892481803894,-1.016845703125,-1.009521484375
1.54296875,1.524658203125,9.91492033004761,-1.015625,-1.009521484375
1.54296875,1.524658203125,10.1708540916443,-1.015625,-1.009521484375
1.54296875,1.524658203125,10.4269442558289,-1.015625,-1.009521484375
1.54296875,1.524658203125,10.6828076839447,-1.015625,-1.009521484375
1.54296875,1.524658203125,10.9387540817261,-1.015625,-1.009521484375
1.54296875,1.524658203125,11.1947393417358,-1.015625,-1.009521484375
1.54296875,1.524658203125,11.4507043361664,-1.015625,-1.009521484375
1.54296875,1.524658203125,11.7067239284515,-1.015625,-1.009521484375
1.54296875,1.524658203125,11.9626564979553,-1.015625,-1.009521484375
1.54296875,1.524658203125,12.2186450958252,-1.015625,-1.009521484375
1.54541015625,1.53564453125,12.730535030365,-1.01318359375,-0.99853515625
1.5576171875,1.54296875,12.9864816665649,-1.0009765625,-0.9912109375
1.566162109375,1.551513671875,13.2423865795136,-0.992431640625,-0.982666015625
1.5771484375,1.561279296875,13.498429775238,-0.9814453125,-0.972900390625
1.5869140625,1.571044921875,13.7544221878052,-0.9716796875,-0.963134765625
1.5966796875,1.57958984375,14.0103697776794,-0.9619140625,-0.95458984375
1.6064453125,1.5869140625,14.5222778320313,-0.9521484375,-0.947265625
1.60888671875,1.588134765625,14.7782709598541,-0.94970703125,-0.946044921875
1.60888671875,1.58935546875,15.034147977829,-0.94970703125,-0.94482421875
1.60888671875,1.58935546875,15.2901301383972,-0.94970703125,-0.94482421875
1.60888671875,1.58935546875,15.5461134910583,-0.94970703125,-0.94482421875
1.610107421875,1.58935546875,15.8020913600922,-0.948486328125,-0.94482421875
1.610107421875,1.58935546875,16.0581836700439,-0.948486328125,-0.94482421875
1.610107421875,1.58935546875,16.3140876293182,-0.948486328125,-0.94482421875
1.610107421875,1.58935546875,16.5699400901794,-0.948486328125,-0.94482421875
1.610107421875,1.58935546875,16.8258874416351,-0.948486328125,-0.94482421875
1.610107421875,1.58935546875,17.0818734169006,-0.948486328125,-0.94482421875
1.611328125,1.590576171875,17.3378176689148,-0.947265625,-0.943603515625
1.611328125,1.590576171875,17.5938234329224,-0.947265625,-0.943603515625
1.611328125,1.590576171875,17.8497221469879,-0.947265625,-0.943603515625
1.611328125,1.590576171875,18.1056635379791,-0.947265625,-0.943603515625
1.611328125,1.590576171875,18.3616240024567,-0.947265625,-0.943603515625
1.611328125,1.590576171875,18.6175665855408,-0.947265625,-0.943603515625
1.611328125,1.590576171875,18.8735771179199,-0.947265625,-0.943603515625
1.611328125,1.590576171875,19.1296088695526,-0.947265625,-0.943603515625
1.61376953125,1.6015625,19.6414563655853,-0.94482421875,-0.9326171875
1.6259765625,1.612548828125,19.8974900245667,-0.9326171875,-0.921630859375
1.634521484375,1.622314453125,20.153477191925,-0.924072265625,-0.911865234375
1.644287109375,1.630859375,20.4093737602234,-0.914306640625,-0.9033203125
1.654052734375,1.640625,20.6653926372528,-0.904541015625,-0.8935546875
1.66259765625,1.65283203125,20.9212584495544,-0.89599609375,-0.88134765625
1.67236328125,1.663818359375,21.1773157119751,-0.88623046875,-0.870361328125
1.68212890625,1.669921875,21.6893815994263,-0.87646484375,-0.8642578125
1.683349609375,1.671142578125,21.9451613426209,-0.875244140625,-0.863037109375
1.683349609375,1.671142578125,22.2011044025421,-0.875244140625,-0.863037109375
1.6845703125,1.671142578125,22.4570972919464,-0.8740234375,-0.863037109375
1.6845703125,1.67236328125,22.7130494117737,-0.8740234375,-0.86181640625
1.685791015625,1.67236328125,22.9690470695496,-0.872802734375,-0.86181640625
1.685791015625,1.67236328125,23.2249512672424,-0.872802734375,-0.86181640625
1.685791015625,1.67236328125,23.4809103012085,-0.872802734375,-0.86181640625
1.685791015625,1.67236328125,23.7369260787964,-0.872802734375,-0.86181640625
1.685791015625,1.673583984375,23.9928543567657,-0.872802734375,-0.860595703125
1.685791015625,1.673583984375,24.2488830089569,-0.872802734375,-0.860595703125
1.68701171875,1.673583984375,24.5048294067383,-0.87158203125,-0.860595703125
1.68701171875,1.673583984375,24.7607972621918,-0.87158203125,-0.860595703125
1.68701171875,1.673583984375,25.016744852066,-0.87158203125,-0.860595703125
1.68701171875,1.673583984375,25.2726924419403,-0.87158203125,-0.860595703125
1.68701171875,1.673583984375,25.5288605690002,-0.87158203125,-0.860595703125
1.68701171875,1.673583984375,25.7847678661346,-0.87158203125,-0.860595703125
1.68701171875,1.673583984375,26.0406002998352,-0.87158203125,-0.860595703125
1.689453125,1.6845703125,26.5525817871094,-0.869140625,-0.849609375
1.70166015625,1.693115234375,26.8085157871246,-0.85693359375,-0.841064453125
1.71142578125,1.702880859375,27.0645155906677,-0.84716796875,-0.831298828125
1.719970703125,1.71142578125,27.3203928470612,-0.838623046875,-0.82275390625
1.73095703125,1.72119140625,27.5764441490173,-0.82763671875,-0.81298828125
1.741943359375,1.73095703125,27.8323731422424,-0.816650390625,-0.80322265625
1.749267578125,1.741943359375,28.0884864330292,-0.809326171875,-0.792236328125
1.759033203125,1.748046875,28.6000993251801,-0.799560546875,-0.7861328125
1.76025390625,1.748046875,28.8561189174652,-0.79833984375,-0.7861328125
1.76025390625,1.748046875,29.1120479106903,-0.79833984375,-0.7861328125
1.761474609375,1.748046875,29.3680021762848,-0.797119140625,-0.7861328125
1.7626953125,1.749267578125,29.6239149570465,-0.7958984375,-0.784912109375
1.7626953125,1.749267578125,29.879891872406,-0.7958984375,-0.784912109375
1.7626953125,1.749267578125,30.1358180046082,-0.7958984375,-0.784912109375
1.763916015625,1.749267578125,30.3918399810791,-0.794677734375,-0.784912109375
1.763916015625,1.75048828125,30.6477537155151,-0.794677734375,-0.78369140625
1.763916015625,1.75048828125,30.9037671089172,-0.794677734375,-0.78369140625
1.763916015625,1.75048828125,31.1596577167511,-0.794677734375,-0.78369140625
1.763916015625,1.75048828125,31.4156365394592,-0.794677734375,-0.78369140625
1.763916015625,1.75048828125,31.6716244220734,-0.794677734375,-0.78369140625
1.763916015625,1.751708984375,31.9275462627411,-0.794677734375,-0.782470703125
1.763916015625,1.751708984375,32.183575630188,-0.794677734375,-0.782470703125
1.76513671875,1.751708984375,32.4396049976349,-0.79345703125,-0.782470703125
1.76513671875,1.751708984375,32.695515871048,-0.79345703125,-0.782470703125
1.76513671875,1.751708984375,32.9514949321747,-0.79345703125,-0.782470703125
1.76513671875,1.751708984375,33.2073743343353,-0.79345703125,-0.782470703125
1.767578125,1.7626953125,33.7193133831024,-0.791015625,-0.771484375
1.77978515625,1.771240234375,33.975301027298,-0.77880859375,-0.762939453125
1.790771484375,1.781005859375,34.2313215732574,-0.767822265625,-0.753173828125
1.800537109375,1.795654296875,34.487206697464,-0.758056640625,-0.738525390625
1.810302734375,1.807861328125,34.7431356906891,-0.748291015625,-0.726318359375
1.820068359375,1.817626953125,34.9990603923798,-0.738525390625,-0.716552734375
1.8310546875,1.824951171875,35.2550828456879,-0.7275390625,-0.709228515625
1.8408203125,1.832275390625,35.7669806480408,-0.7177734375,-0.701904296875
1.84326171875,1.83349609375,36.0229210853577,-0.71533203125,-0.70068359375
1.844482421875,1.834716796875,36.2790055274963,-0.714111328125,-0.699462890625
1.844482421875,1.834716796875,36.5348944664001,-0.714111328125,-0.699462890625
1.844482421875,1.8359375,36.7908895015717,-0.714111328125,-0.6982421875
1.845703125,1.8359375,37.046858549118,-0.712890625,-0.6982421875
1.845703125,1.8359375,37.3027517795563,-0.712890625,-0.6982421875
1.845703125,1.8359375,37.5587244033813,-0.712890625,-0.6982421875
1.846923828125,1.837158203125,37.8146691322327,-0.711669921875,-0.697021484375
1.846923828125,1.837158203125,38.0707006454468,-0.711669921875,-0.697021484375
1.846923828125,1.837158203125,38.3266201019287,-0.711669921875,-0.697021484375
1.846923828125,1.837158203125,38.5826523303986,-0.711669921875,-0.697021484375
1.846923828125,1.837158203125,38.8386311531067,-0.711669921875,-0.697021484375
1.846923828125,1.837158203125,39.0945279598236,-0.711669921875,-0.697021484375
1.84814453125,1.837158203125,39.3504848480225,-0.71044921875,-0.697021484375
1.84814453125,1.83837890625,39.6064300537109,-0.71044921875,-0.69580078125
1.84814453125,1.83837890625,39.8625600337982,-0.71044921875,-0.69580078125
1.84814453125,1.83837890625,40.1184799671173,-0.71044921875,-0.69580078125
1.851806640625,1.846923828125,40.630256652832,-0.706787109375,-0.687255859375
1.86279296875,1.85546875,40.8862390518189,-0.69580078125,-0.6787109375
1.873779296875,1.866455078125,41.1421873569489,-0.684814453125,-0.667724609375
1.883544921875,1.875,41.3981702327728,-0.675048828125,-0.6591796875
1.89453125,1.885986328125,41.6544351577759,-0.6640625,-0.648193359375
1.903076171875,1.895751953125,41.9100875854492,-0.655517578125,-0.638427734375
1.915283203125,1.904296875,42.1660466194153,-0.643310546875,-0.6298828125
1.925048828125,1.91162109375,42.6780111789703,-0.633544921875,-0.62255859375
1.927490234375,1.912841796875,42.9339871406555,-0.631103515625,-0.621337890625
1.9287109375,1.9140625,43.189840555191,-0.6298828125,-0.6201171875
1.9287109375,1.9140625,43.4458639621735,-0.6298828125,-0.6201171875
1.929931640625,1.915283203125,43.7019703388214,-0.628662109375,-0.618896484375
1.929931640625,1.915283203125,43.9580481052399,-0.628662109375,-0.618896484375
1.93115234375,1.915283203125,44.2138502597809,-0.62744140625,-0.618896484375
1.93115234375,1.915283203125,44.4696435928345,-0.62744140625,-0.618896484375
1.93115234375,1.915283203125,44.7256257534027,-0.62744140625,-0.618896484375
1.93115234375,1.91650390625,44.9816148281097,-0.62744140625,-0.61767578125
1.93115234375,1.91650390625,45.2376337051392,-0.62744140625,-0.61767578125
1.932373046875,1.91650390625,45.4935729503632,-0.626220703125,-0.61767578125
1.932373046875,1.91650390625,45.7494912147522,-0.626220703125,-0.61767578125
1.932373046875,1.91650390625,46.0054590702057,-0.626220703125,-0.61767578125
1.932373046875,1.91650390625,46.2614152431488,-0.626220703125,-0.61767578125
1.932373046875,1.91650390625,46.5174140930176,-0.626220703125,-0.61767578125
1.932373046875,1.917724609375,46.7733383178711,-0.626220703125,-0.616455078125
1.932373046875,1.917724609375,47.0292718410492,-0.626220703125,-0.616455078125
1.934814453125,1.925048828125,47.5412485599518,-0.623779296875,-0.609130859375
1.947021484375,1.932373046875,47.7972893714905,-0.611572265625,-0.601806640625
1.9580078125,1.943359375,48.0531578063965,-0.6005859375,-0.5908203125
1.966552734375,1.951904296875,48.3091762065888,-0.592041015625,-0.582275390625
1.976318359375,1.961669921875,48.5650453567505,-0.582275390625,-0.572509765625
1.986083984375,1.971435546875,48.8210127353668,-0.572509765625,-0.562744140625
1.998291015625,1.982421875,49.076956987381,-0.560302734375,-0.5517578125
2.0068359375,1.9921875,49.5888855457306,-0.5517578125,-0.5419921875
2.008056640625,1.993408203125,49.8448436260223,-0.550537109375,-0.540771484375
2.00927734375,1.99462890625,50.1009285449982,-0.54931640625,-0.53955078125
2.00927734375,1.99462890625,50.3568239212036,-0.54931640625,-0.53955078125
2.010498046875,1.99462890625,50.612770318985,-0.548095703125,-0.53955078125
2.010498046875,1.99462890625,50.868720293045,-0.548095703125,-0.53955078125
2.01171875,1.99462890625,51.1247308254242,-0.546875,-0.53955078125
2.01171875,1.995849609375,51.3807146549225,-0.546875,-0.538330078125
2.01171875,1.995849609375,51.6366236209869,-0.546875,-0.538330078125
2.01171875,1.995849609375,51.8926024436951,-0.546875,-0.538330078125
2.01171875,1.995849609375,52.1485729217529,-0.546875,-0.538330078125
2.01171875,1.995849609375,52.4045300483704,-0.546875,-0.538330078125
2.012939453125,1.995849609375,52.6604826450348,-0.545654296875,-0.538330078125
2.012939453125,1.995849609375,52.9165077209473,-0.545654296875,-0.538330078125
2.012939453125,1.995849609375,53.1724553108215,-0.545654296875,-0.538330078125
2.012939453125,1.9970703125,53.4283978939056,-0.545654296875,-0.537109375
2.012939453125,1.9970703125,53.6844110488892,-0.545654296875,-0.537109375
2.012939453125,1.9970703125,53.9403259754181,-0.545654296875,-0.537109375
2.012939453125,1.9970703125,54.1962759494782,-0.545654296875,-0.537109375
2.0166015625,2.008056640625,54.7082324028015,-0.5419921875,-0.526123046875
2.027587890625,2.015380859375,54.9641909599304,-0.531005859375,-0.518798828125
2.0361328125,2.025146484375,55.220210313797,-0.5224609375,-0.509033203125
2.044677734375,2.034912109375,55.4761583805084,-0.513916015625,-0.499267578125
2.0556640625,2.0458984375,55.7321224212646,-0.5029296875,-0.48828125
2.0654296875,2.054443359375,55.9880456924438,-0.4931640625,-0.479736328125
2.073974609375,2.0654296875,56.2440342903137,-0.484619140625,-0.46875
2.0849609375,2.0703125,56.7559084892273,-0.4736328125,-0.4638671875
2.086181640625,2.071533203125,57.0119020938873,-0.472412109375,-0.462646484375
2.086181640625,2.071533203125,57.2679312229157,-0.472412109375,-0.462646484375
2.08740234375,2.07275390625,57.523889541626,-0.47119140625,-0.46142578125
2.08740234375,2.07275390625,57.7798585891724,-0.47119140625,-0.46142578125
2.08740234375,2.07275390625,58.0358183383942,-0.47119140625,-0.46142578125
2.088623046875,2.07275390625,58.2917580604553,-0.469970703125,-0.46142578125
2.088623046875,2.073974609375,58.5476360321045,-0.469970703125,-0.460205078125
2.088623046875,2.073974609375,58.8036525249481,-0.469970703125,-0.460205078125
2.08984375,2.073974609375,59.059586763382,-0.46875,-0.460205078125
2.08984375,2.073974609375,59.3155379295349,-0.46875,-0.460205078125
2.08984375,2.073974609375,59.5715107917786,-0.46875,-0.460205078125
2.08984375,2.073974609375,59.8275167942047,-0.46875,-0.460205078125
2.08984375,2.073974609375,60.0834867954254,-0.46875,-0.460205078125
2.08984375,2.073974609375,60.3394241333008,-0.46875,-0.460205078125
2.08984375,2.073974609375,60.5953569412231,-0.46875,-0.460205078125
2.08984375,2.073974609375,60.8513576984406,-0.46875,-0.460205078125
2.08984375,2.073974609375,61.1073117256165,-0.46875,-0.460205078125
2.093505859375,2.083740234375,61.61927485466,-0.465087890625,-0.450439453125
2.1044921875,2.091064453125,61.8751950263977,-0.4541015625,-0.443115234375
2.115478515625,2.099609375,62.1311888694763,-0.443115234375,-0.4345703125
2.125244140625,2.110595703125,62.3871378898621,-0.433349609375,-0.423583984375
2.1337890625,2.12158203125,62.6430671215057,-0.4248046875,-0.41259765625
2.1435546875,2.12890625,62.8990931510925,-0.4150390625,-0.4052734375
2.152099609375,2.138671875,63.1550054550171,-0.406494140625,-0.3955078125
2.161865234375,2.144775390625,63.6669962406158,-0.396728515625,-0.389404296875
2.164306640625,2.14599609375,63.9230825901032,-0.394287109375,-0.38818359375
2.16552734375,2.147216796875,64.1789121627808,-0.39306640625,-0.386962890625
2.16552734375,2.147216796875,64.434849023819,-0.39306640625,-0.386962890625
2.166748046875,2.147216796875,64.6908581256866,-0.391845703125,-0.386962890625
2.166748046875,2.1484375,64.9468111991882,-0.391845703125,-0.3857421875
2.166748046875,2.1484375,65.2027344703674,-0.391845703125,-0.3857421875
2.166748046875,2.1484375,65.4587063789368,-0.391845703125,-0.3857421875
2.166748046875,2.1484375,65.7147414684296,-0.391845703125,-0.3857421875
2.16796875,2.1484375,65.9706671237946,-0.390625,-0.3857421875
2.16796875,2.149658203125,66.2266323566437,-0.390625,-0.384521484375
2.169189453125,2.149658203125,66.482563495636,-0.389404296875,-0.384521484375
2.169189453125,2.149658203125,66.7385716438294,-0.389404296875,-0.384521484375
2.169189453125,2.149658203125,66.9945199489594,-0.389404296875,-0.384521484375
2.169189453125,2.149658203125,67.2504737377167,-0.389404296875,-0.384521484375
2.169189453125,2.149658203125,67.5063920021057,-0.389404296875,-0.384521484375
2.169189453125,2.149658203125,67.7623450756073,-0.389404296875,-0.384521484375
2.169189453125,2.149658203125,68.018355846405,-0.389404296875,-0.384521484375
2.169189453125,2.149658203125,68.2742872238159,-0.389404296875,-0.384521484375
2.1728515625,2.161865234375,68.7862429618835,-0.3857421875,-0.372314453125
2.18505859375,2.171630859375,69.0421879291534,-0.37353515625,-0.362548828125
2.19482421875,2.1826171875,69.2982113361359,-0.36376953125,-0.3515625
2.205810546875,2.193603515625,69.5542883872986,-0.352783203125,-0.340576171875
2.218017578125,2.205810546875,69.8102023601532,-0.340576171875,-0.328369140625
2.230224609375,2.216796875,70.0661821365356,-0.328369140625,-0.3173828125
2.2412109375,2.22412109375,70.5780365467072,-0.3173828125,-0.31005859375
2.242431640625,2.225341796875,70.8339905738831,-0.316162109375,-0.308837890625
2.24365234375,2.225341796875,71.0899448394775,-0.31494140625,-0.308837890625
2.24365234375,2.225341796875,71.3458707332611,-0.31494140625,-0.308837890625
2.244873046875,2.225341796875,71.6018505096436,-0.313720703125,-0.308837890625
2.244873046875,2.2265625,71.8578050136566,-0.313720703125,-0.3076171875
2.244873046875,2.2265625,72.1138639450073,-0.313720703125,-0.3076171875
2.244873046875,2.2265625,72.3697247505188,-0.313720703125,-0.3076171875
2.24609375,2.2265625,72.6257104873657,-0.3125,-0.3076171875
2.24609375,2.2265625,72.8817090988159,-0.3125,-0.3076171875
2.24609375,2.2265625,73.1376447677612,-0.3125,-0.3076171875
2.24609375,2.227783203125,73.393584728241,-0.3125,-0.306396484375
2.24609375,2.227783203125,73.6495823860169,-0.3125,-0.306396484375
2.24609375,2.227783203125,73.9055459499359,-0.3125,-0.306396484375
2.247314453125,2.227783203125,74.1615726947784,-0.311279296875,-0.306396484375
2.247314453125,2.227783203125,74.4173977375031,-0.311279296875,-0.306396484375
2.247314453125,2.227783203125,74.6733591556549,-0.311279296875,-0.306396484375
2.247314453125,2.227783203125,74.9292912483215,-0.311279296875,-0.306396484375
2.247314453125,2.227783203125,75.1852762699127,-0.311279296875,-0.306396484375
2.2509765625,2.242431640625,75.6973159313202,-0.3076171875,-0.291748046875
2.265625,2.25341796875,75.9532930850983,-0.29296875,-0.28076171875
2.275390625,2.26806640625,76.2094197273254,-0.283203125,-0.26611328125
2.286376953125,2.2802734375,76.4651832580566,-0.272216796875,-0.25390625
2.29736328125,2.288818359375,76.7210326194763,-0.26123046875,-0.245361328125
2.305908203125,2.29736328125,76.9770448207855,-0.252685546875,-0.23681640625
2.31689453125,2.3046875,77.2329497337341,-0.24169921875,-0.2294921875
2.327880859375,2.3095703125,77.7448766231537,-0.230712890625,-0.224609375
2.3291015625,2.3095703125,78.0009365081787,-0.2294921875,-0.224609375
2.330322265625,2.310791015625,78.2568490505219,-0.228271484375,-0.223388671875
2.330322265625,2.310791015625,78.5127689838409,-0.228271484375,-0.223388671875
2.33154296875,2.310791015625,78.7686951160431,-0.22705078125,-0.223388671875
2.33154296875,2.310791015625,79.0246703624725,-0.22705078125,-0.223388671875
2.33154296875,2.310791015625,79.2806043624878,-0.22705078125,-0.223388671875
2.332763671875,2.310791015625,79.5365343093872,-0.225830078125,-0.223388671875
2.332763671875,2.310791015625,79.7926239967346,-0.225830078125,-0.223388671875
2.332763671875,2.310791015625,80.0484898090363,-0.225830078125,-0.223388671875
2.332763671875,2.310791015625,80.3044233322144,-0.225830078125,-0.223388671875
2.332763671875,2.31201171875,80.5604343414307,-0.225830078125,-0.22216796875
2.332763671875,2.31201171875,80.8163805007935,-0.225830078125,-0.22216796875
2.333984375,2.31201171875,81.0723390579224,-0.224609375,-0.22216796875
2.333984375,2.31201171875,81.3282845020294,-0.224609375,-0.22216796875
2.333984375,2.31201171875,81.5842690467835,-0.224609375,-0.22216796875
2.333984375,2.31201171875,81.8402605056763,-0.224609375,-0.22216796875
2.333984375,2.31201171875,82.09636759758,-0.224609375,-0.22216796875
2.337646484375,2.32177734375,82.6081659793854,-0.220947265625,-0.21240234375
2.35107421875,2.327880859375,82.8640913963318,-0.20751953125,-0.206298828125
2.36083984375,2.3388671875,83.1200640201569,-0.19775390625,-0.1953125
2.37060546875,2.3486328125,83.376002073288,-0.18798828125,-0.185546875
2.3828125,2.359619140625,83.6321313381195,-0.17578125,-0.174560546875
2.391357421875,2.3681640625,83.8879687786102,-0.167236328125,-0.166015625
2.403564453125,2.3779296875,84.1439688205719,-0.155029296875,-0.15625
2.412109375,2.38525390625,84.6559269428253,-0.146484375,-0.14892578125
2.413330078125,2.386474609375,84.9118630886078,-0.145263671875,-0.147705078125
2.41455078125,2.386474609375,85.167820930481,-0.14404296875,-0.147705078125
2.41455078125,2.386474609375,85.4237377643585,-0.14404296875,-0.147705078125
2.415771484375,2.386474609375,85.679746389389,-0.142822265625,-0.147705078125
2.415771484375,2.3876953125,85.9357886314392,-0.142822265625,-0.146484375
2.415771484375,2.3876953125,86.1917543411255,-0.142822265625,-0.146484375
2.415771484375,2.3876953125,86.4476656913757,-0.142822265625,-0.146484375
2.415771484375,2.3876953125,86.7035782337189,-0.142822265625,-0.146484375
2.4169921875,2.3876953125,86.9595174789429,-0.1416015625,-0.146484375
2.4169921875,2.3876953125,87.2155492305756,-0.1416015625,-0.146484375
2.4169921875,2.3876953125,87.4714937210083,-0.1416015625,-0.146484375
2.4169921875,2.3876953125,87.7274785041809,-0.1416015625,-0.146484375
2.4169921875,2.3876953125,87.9834232330322,-0.1416015625,-0.146484375
2.4169921875,2.3876953125,88.2394216060638,-0.1416015625,-0.146484375
2.4169921875,2.3876953125,88.495334148407,-0.1416015625,-0.146484375
2.418212890625,2.3876953125,88.7513637542725,-0.140380859375,-0.146484375
2.418212890625,2.388916015625,89.0072584152222,-0.140380859375,-0.145263671875
2.418212890625,2.388916015625,89.2631976604462,-0.140380859375,-0.145263671875
2.421875,2.398681640625,89.7750949859619,-0.13671875,-0.135498046875
2.432861328125,2.4072265625,90.0311660766602,-0.125732421875,-0.126953125
2.442626953125,2.41455078125,90.2870473861694,-0.115966796875,-0.11962890625
2.451171875,2.423095703125,90.5430083274841,-0.107421875,-0.111083984375
2.459716796875,2.430419921875,90.7989778518677,-0.098876953125,-0.103759765625
2.469482421875,2.440185546875,91.0549168586731,-0.089111328125,-0.093994140625
2.47802734375,2.447509765625,91.5668208599091,-0.08056640625,-0.086669921875
2.479248046875,2.447509765625,91.8227417469025,-0.079345703125,-0.086669921875
2.479248046875,2.44873046875,92.0789294242859,-0.079345703125,-0.08544921875
2.479248046875,2.44873046875,92.3347499370575,-0.079345703125,-0.08544921875
2.48046875,2.44873046875,92.5906562805176,-0.078125,-0.08544921875
2.48046875,2.44873046875,92.8465626239777,-0.078125,-0.08544921875
2.48046875,2.44873046875,93.1026113033295,-0.078125,-0.08544921875
2.48046875,2.44873046875,93.3584880828857,-0.078125,-0.08544921875
2.48046875,2.449951171875,93.6145091056824,-0.078125,-0.084228515625
2.48046875,2.449951171875,93.870418548584,-0.078125,-0.084228515625
2.48046875,2.449951171875,94.1264026165009,-0.078125,-0.084228515625
2.48046875,2.449951171875,94.382481098175,-0.078125,-0.084228515625
2.481689453125,2.449951171875,94.6383378505707,-0.076904296875,-0.084228515625
2.481689453125,2.449951171875,94.8943009376526,-0.076904296875,-0.084228515625
2.481689453125,2.451171875,95.1502425670624,-0.076904296875,-0.0830078125
2.481689453125,2.451171875,95.4061722755432,-0.076904296875,-0.0830078125
2.481689453125,2.451171875,95.6622290611267,-0.076904296875,-0.0830078125
2.481689453125,2.451171875,95.9181940555573,-0.076904296875,-0.0830078125
2.481689453125,2.451171875,96.1741590499878,-0.076904296875,-0.0830078125
2.486572265625,2.46337890625,96.6859760284424,-0.072021484375,-0.07080078125
2.498779296875,2.471923828125,96.9420690536499,-0.059814453125,-0.062255859375
2.508544921875,2.481689453125,97.1979365348816,-0.050048828125,-0.052490234375
2.51708984375,2.49267578125,97.4539179801941,-0.04150390625,-0.04150390625
2.52685546875,2.50244140625,97.7098596096039,-0.03173828125,-0.03173828125
2.53662109375,2.5146484375,97.9659390449524,-0.02197265625,-0.01953125
2.54638671875,2.52685546875,98.2220396995544,-0.01220703125,-0.00732421875
2.55615234375,2.53173828125,98.733677148819,-0.00244140625,-0.00244140625
2.557373046875,2.532958984375,98.9896779060364,-0.001220703125,-0.001220703125
2.55859375,2.5341796875,99.2456123828888,0,0
2.55859375,2.5341796875,99.5015592575073,0,0
2.55859375,2.5341796875,99.7576668262482,0,0
2.559814453125,2.535400390625,100.013539075851,0.001220703125,0.001220703125
2.559814453125,2.535400390625,100.269626140595,0.001220703125,0.001220703125
2.559814453125,2.535400390625,100.525571584702,0.001220703125,0.001220703125
2.559814453125,2.535400390625,100.781566381454,0.001220703125,0.001220703125
2.559814453125,2.535400390625,101.037446498871,0.001220703125,0.001220703125
2.559814453125,2.535400390625,101.293434619904,0.001220703125,0.001220703125
2.559814453125,2.535400390625,101.549369812012,0.001220703125,0.001220703125
2.559814453125,2.535400390625,101.805320978165,0.001220703125,0.001220703125
2.559814453125,2.53662109375,102.061273336411,0.001220703125,0.00244140625
2.56103515625,2.53662109375,102.317234992981,0.00244140625,0.00244140625
2.56103515625,2.53662109375,102.573183774948,0.00244140625,0.00244140625
2.56103515625,2.53662109375,102.829135417938,0.00244140625,0.00244140625
2.56103515625,2.53662109375,103.085114240646,0.00244140625,0.00244140625
2.56591796875,2.550048828125,103.597019910812,0.00732421875,0.015869140625
2.578125,2.559814453125,103.852979183197,0.01953125,0.025634765625
2.589111328125,2.57080078125,104.109073162079,0.030517578125,0.03662109375
2.59765625,2.5830078125,104.364959955215,0.0390625,0.048828125
2.607421875,2.593994140625,104.620851278305,0.048828125,0.059814453125
2.618408203125,2.606201171875,104.876876354218,0.059814453125,0.072021484375
2.62939453125,2.618408203125,105.132752656937,0.07080078125,0.084228515625
2.637939453125,2.626953125,105.644717216492,0.079345703125,0.0927734375
2.640380859375,2.62939453125,105.900799751282,0.081787109375,0.09521484375
2.640380859375,2.62939453125,106.156654119492,0.081787109375,0.09521484375
2.6416015625,2.6318359375,106.412613868713,0.0830078125,0.09765625
2.6416015625,2.6318359375,106.668583631516,0.0830078125,0.09765625
2.6416015625,2.6318359375,106.924572706223,0.0830078125,0.09765625
2.642822265625,2.633056640625,107.180657625198,0.084228515625,0.098876953125
2.642822265625,2.633056640625,107.43650841713,0.084228515625,0.098876953125
2.642822265625,2.633056640625,107.692519903183,0.084228515625,0.098876953125
2.64404296875,2.633056640625,107.948467731476,0.08544921875,0.098876953125
2.64404296875,2.633056640625,108.204468250275,0.08544921875,0.098876953125
2.64404296875,2.633056640625,108.460391521454,0.08544921875,0.098876953125
2.64404296875,2.633056640625,108.716333866119,0.08544921875,0.098876953125
2.64404296875,2.633056640625,108.97234582901,0.08544921875,0.098876953125
2.64404296875,2.633056640625,109.22824883461,0.08544921875,0.098876953125
2.64404296875,2.633056640625,109.484224557877,0.08544921875,0.098876953125
2.64404296875,2.63427734375,109.740213155746,0.08544921875,0.10009765625
2.64404296875,2.63427734375,109.996203660965,0.08544921875,0.10009765625
2.64404296875,2.63427734375,110.2521276474,0.08544921875,0.10009765625
2.647705078125,2.647705078125,110.764107465744,0.089111328125,0.113525390625
2.6611328125,2.657470703125,111.020056724548,0.1025390625,0.123291015625
2.672119140625,2.666015625,111.275955915451,0.113525390625,0.1318359375
2.68310546875,2.672119140625,111.532020092011,0.12451171875,0.137939453125
2.69287109375,2.679443359375,111.788027048111,0.13427734375,0.145263671875
2.703857421875,2.684326171875,112.044036149979,0.145263671875,0.150146484375
2.713623046875,2.691650390625,112.299914598465,0.155029296875,0.157470703125
2.724609375,2.696533203125,112.811808824539,0.166015625,0.162353515625
2.72705078125,2.696533203125,113.067724704742,0.16845703125,0.162353515625
2.728271484375,2.696533203125,113.323725223541,0.169677734375,0.162353515625
2.728271484375,2.696533203125,113.579715013504,0.169677734375,0.162353515625
2.728271484375,2.696533203125,113.835695505142,0.169677734375,0.162353515625
2.728271484375,2.69775390625,114.091953277588,0.169677734375,0.16357421875
2.728271484375,2.69775390625,114.347698450089,0.169677734375,0.16357421875
2.7294921875,2.69775390625,114.603599309921,0.1708984375,0.16357421875
2.7294921875,2.69775390625,114.859566688538,0.1708984375,0.16357421875
2.7294921875,2.69775390625,115.115472078323,0.1708984375,0.16357421875
2.7294921875,2.69775390625,115.371447324753,0.1708984375,0.16357421875
2.7294921875,2.69775390625,115.627446174622,0.1708984375,0.16357421875
2.730712890625,2.698974609375,115.883421182632,0.172119140625,0.164794921875
2.730712890625,2.698974609375,116.139346837997,0.172119140625,0.164794921875
2.730712890625,2.698974609375,116.395323991776,0.172119140625,0.164794921875
2.730712890625,2.698974609375,116.651230573654,0.172119140625,0.164794921875
2.730712890625,2.698974609375,116.907229185104,0.172119140625,0.164794921875
2.730712890625,2.698974609375,117.163187980652,0.172119140625,0.164794921875
2.734375,2.706298828125,117.675500869751,0.17578125,0.172119140625
2.747802734375,2.713623046875,117.931177854538,0.189208984375,0.179443359375
2.757568359375,2.72216796875,118.187186002731,0.198974609375,0.18798828125
2.767333984375,2.73193359375,118.443089962006,0.208740234375,0.19775390625
2.7783203125,2.745361328125,118.698962450027,0.2197265625,0.211181640625
2.786865234375,2.7587890625,118.954872369766,0.228271484375,0.224609375
2.796630859375,2.767333984375,119.210922002792,0.238037109375,0.233154296875
2.8076171875,2.774658203125,119.722849607468,0.2490234375,0.240478515625
2.808837890625,2.774658203125,119.978864431381,0.250244140625,0.240478515625
2.81005859375,2.77587890625,120.235154390335,0.25146484375,0.24169921875
2.81005859375,2.777099609375,120.490746498108,0.25146484375,0.242919921875
2.81005859375,2.7783203125,120.746624469757,0.25146484375,0.244140625
2.811279296875,2.7783203125,121.002599239349,0.252685546875,0.244140625
2.811279296875,2.7783203125,121.258606910706,0.252685546875,0.244140625
2.811279296875,2.7783203125,121.514580011368,0.252685546875,0.244140625
2.811279296875,2.7783203125,121.770622730255,0.252685546875,0.244140625
2.811279296875,2.7783203125,122.026532649994,0.252685546875,0.244140625
2.8125,2.7783203125,122.282429218292,0.25390625,0.244140625
2.8125,2.7783203125,122.538450717926,0.25390625,0.244140625
2.8125,2.7783203125,122.794428110123,0.25390625,0.244140625
2.8125,2.7783203125,123.05038356781,0.25390625,0.244140625
2.8125,2.779541015625,123.306387662888,0.25390625,0.245361328125
2.8125,2.779541015625,123.562303781509,0.25390625,0.245361328125
2.8125,2.779541015625,123.818293094635,0.25390625,0.245361328125
2.813720703125,2.779541015625,124.074427604675,0.255126953125,0.245361328125
2.816162109375,2.7880859375,124.586269140244,0.257568359375,0.25390625
2.8271484375,2.796630859375,124.842189788818,0.2685546875,0.262451171875
2.8369140625,2.806396484375,125.098105430603,0.2783203125,0.272216796875
2.845458984375,2.8173828125,125.35408115387,0.286865234375,0.283203125
2.85400390625,2.8271484375,125.610023736954,0.29541015625,0.29296875
2.862548828125,2.838134765625,125.866030216217,0.303955078125,0.303955078125
2.872314453125,2.84912109375,126.122023582459,0.313720703125,0.31494140625
2.882080078125,2.8564453125,126.633965730667,0.323486328125,0.322265625
2.88330078125,2.8564453125,126.889877796173,0.32470703125,0.322265625
2.884521484375,2.857666015625,127.145864248276,0.325927734375,0.323486328125
2.884521484375,2.857666015625,127.401750802994,0.325927734375,0.323486328125
2.884521484375,2.85888671875,127.657759189606,0.325927734375,0.32470703125
2.884521484375,2.85888671875,127.913757324219,0.325927734375,0.32470703125
2.884521484375,2.85888671875,128.169793605804,0.325927734375,0.32470703125
2.8857421875,2.85888671875,128.425650596619,0.3271484375,0.32470703125
2.8857421875,2.85888671875,128.681581020355,0.3271484375,0.32470703125
2.8857421875,2.85888671875,128.937528371811,0.3271484375,0.32470703125
2.8857421875,2.85888671875,129.193528652191,0.3271484375,0.32470703125
2.886962890625,2.860107421875,129.449436187744,0.328369140625,0.325927734375
2.886962890625,2.860107421875,129.705394029617,0.328369140625,0.325927734375
2.886962890625,2.860107421875,129.961282730103,0.328369140625,0.325927734375
2.886962890625,2.860107421875,130.217358112335,0.328369140625,0.325927734375
2.886962890625,2.860107421875,130.473298072815,0.328369140625,0.325927734375
2.886962890625,2.860107421875,130.729264259338,0.328369140625,0.325927734375
2.886962890625,2.860107421875,130.985231161118,0.328369140625,0.325927734375
2.886962890625,2.860107421875,131.241158008575,0.328369140625,0.325927734375
2.890625,2.87109375,131.753117322922,0.33203125,0.3369140625
2.901611328125,2.877197265625,132.009169578552,0.343017578125,0.343017578125
2.91015625,2.886962890625,132.265071868896,0.3515625,0.352783203125
2.918701171875,2.896728515625,132.521002292633,0.360107421875,0.362548828125
2.9296875,2.9052734375,132.77699637413,0.37109375,0.37109375
2.938232421875,2.916259765625,133.032964706421,0.379638671875,0.382080078125
2.947998046875,2.926025390625,133.288933038712,0.389404296875,0.391845703125
2.957763671875,2.93212890625,133.800897836685,0.399169921875,0.39794921875
2.958984375,2.933349609375,134.057021379471,0.400390625,0.399169921875
2.958984375,2.9345703125,134.312875986099,0.400390625,0.400390625
2.958984375,2.9345703125,134.568721532822,0.400390625,0.400390625
2.960205078125,2.9345703125,134.824623584747,0.401611328125,0.400390625
2.960205078125,2.935791015625,135.080618858337,0.401611328125,0.401611328125
2.960205078125,2.935791015625,135.336573839188,0.401611328125,0.401611328125
2.960205078125,2.935791015625,135.592568635941,0.401611328125,0.401611328125
2.96142578125,2.935791015625,135.848640918732,0.40283203125,0.401611328125
2.96142578125,2.935791015625,136.104469060898,0.40283203125,0.401611328125
2.96142578125,2.935791015625,136.36045384407,0.40283203125,0.401611328125
2.96142578125,2.935791015625,136.616430044174,0.40283203125,0.401611328125
2.96142578125,2.935791015625,136.872391939163,0.40283203125,0.401611328125
2.96142578125,2.935791015625,137.128398180008,0.40283203125,0.401611328125
2.96142578125,2.935791015625,137.384336948395,0.40283203125,0.401611328125
2.96142578125,2.93701171875,137.640333890915,0.40283203125,0.40283203125
2.96142578125,2.93701171875,137.896346569061,0.40283203125,0.40283203125
2.96142578125,2.93701171875,138.152329683304,0.40283203125,0.40283203125
2.96630859375,2.94677734375,138.66423368454,0.40771484375,0.41259765625
2.977294921875,2.95654296875,138.920147418976,0.418701171875,0.42236328125
2.98583984375,2.96630859375,139.176116466522,0.42724609375,0.43212890625
2.996826171875,2.974853515625,139.432053804398,0.438232421875,0.440673828125
3.009033203125,2.98583984375,139.688038349152,0.450439453125,0.45166015625
3.018798828125,2.996826171875,139.943957567215,0.460205078125,0.462646484375
3.02734375,3.0078125,140.200008869171,0.46875,0.4736328125
3.03955078125,3.01513671875,140.711889982224,0.48095703125,0.48095703125
3.040771484375,3.016357421875,140.967769384384,0.482177734375,0.482177734375
3.0419921875,3.016357421875,141.223694562912,0.4833984375,0.482177734375
3.0419921875,3.017578125,141.479662179947,0.4833984375,0.4833984375
3.0419921875,3.018798828125,141.735554456711,0.4833984375,0.484619140625
3.0419921875,3.018798828125,141.991965532303,0.4833984375,0.484619140625
3.043212890625,3.018798828125,142.247533559799,0.484619140625,0.484619140625
3.043212890625,3.018798828125,142.503520011902,0.484619140625,0.484619140625
3.043212890625,3.02001953125,142.759478807449,0.484619140625,0.48583984375
3.043212890625,3.02001953125,143.01544547081,0.484619140625,0.48583984375
3.043212890625,3.02001953125,143.271404027939,0.484619140625,0.48583984375
3.043212890625,3.02001953125,143.527329683304,0.484619140625,0.48583984375
3.04443359375,3.02001953125,143.783258914948,0.48583984375,0.48583984375
3.04443359375,3.02001953125,144.03928565979,0.48583984375,0.48583984375
3.04443359375,3.02001953125,144.295464038849,0.48583984375,0.48583984375
3.04443359375,3.02001953125,144.55118727684,0.48583984375,0.48583984375
3.04443359375,3.02001953125,144.80711555481,0.48583984375,0.48583984375
3.04443359375,3.021240234375,145.063099861145,0.48583984375,0.487060546875
3.04443359375,3.021240234375,145.319138526917,0.48583984375,0.487060546875
3.048095703125,3.033447265625,145.831002950668,0.489501953125,0.499267578125
3.060302734375,3.04443359375,146.087023258209,0.501708984375,0.51025390625
3.070068359375,3.05419921875,146.343036413193,0.511474609375,0.52001953125
3.0810546875,3.06640625,146.598999500275,0.5224609375,0.5322265625
3.0908203125,3.07861328125,146.854814052582,0.5322265625,0.54443359375
3.099365234375,3.087158203125,147.110780477524,0.540771484375,0.552978515625
3.111572265625,3.092041015625,147.622699975967,0.552978515625,0.557861328125
3.11279296875,3.09326171875,147.878673315048,0.55419921875,0.55908203125
3.11279296875,3.09326171875,148.134725570679,0.55419921875,0.55908203125
3.11279296875,3.09326171875,148.390596866608,0.55419921875,0.55908203125
3.114013671875,3.09326171875,148.646518230438,0.555419921875,0.55908203125
3.114013671875,3.09326171875,148.902557849884,0.555419921875,0.55908203125
3.115234375,3.09326171875,149.158515930176,0.556640625,0.55908203125
3.115234375,3.094482421875,149.414478302002,0.556640625,0.560302734375
3.115234375,3.094482421875,149.670408010483,0.556640625,0.560302734375
3.115234375,3.094482421875,149.926386594772,0.556640625,0.560302734375
3.115234375,3.094482421875,150.182347774506,0.556640625,0.560302734375
3.115234375,3.094482421875,150.438282251358,0.556640625,0.560302734375
3.115234375,3.095703125,150.694292783737,0.556640625,0.5615234375
3.116455078125,3.095703125,150.950230360031,0.557861328125,0.5615234375
3.116455078125,3.095703125,151.206213951111,0.557861328125,0.5615234375
3.116455078125,3.095703125,151.462249755859,0.557861328125,0.5615234375
3.116455078125,3.095703125,151.718211174011,0.557861328125,0.5615234375
3.116455078125,3.095703125,151.974556207657,0.557861328125,0.5615234375
3.116455078125,3.095703125,152.230138778687,0.557861328125,0.5615234375
3.1201171875,3.106689453125,152.742009878159,0.5615234375,0.572509765625
3.133544921875,3.115234375,152.997985124588,0.574951171875,0.5810546875
3.143310546875,3.125,153.253998756409,0.584716796875,0.5908203125
3.154296875,3.134765625,153.509932994843,0.595703125,0.6005859375
3.162841796875,3.14208984375,153.765945672989,0.604248046875,0.60791015625
3.172607421875,3.155517578125,154.022001743317,0.614013671875,0.621337890625
3.18359375,3.165283203125,154.278015136719,0.625,0.631103515625
3.192138671875,3.17138671875,154.789737939835,0.633544921875,0.63720703125
3.194580078125,3.172607421875,155.045663118362,0.635986328125,0.638427734375
3.194580078125,3.173828125,155.301619529724,0.635986328125,0.6396484375
3.19580078125,3.173828125,155.557554244995,0.63720703125,0.6396484375
3.19580078125,3.173828125,155.813512563705,0.63720703125,0.6396484375
3.19580078125,3.175048828125,156.069613456726,0.63720703125,0.640869140625
3.19580078125,3.175048828125,156.325511217117,0.63720703125,0.640869140625
3.19580078125,3.175048828125,156.581414699554,0.63720703125,0.640869140625
3.197021484375,3.17626953125,156.837405920029,0.638427734375,0.64208984375
3.197021484375,3.17626953125,157.093433618546,0.638427734375,0.64208984375
3.197021484375,3.17626953125,157.349297046661,0.638427734375,0.64208984375
3.197021484375,3.17626953125,157.605234384537,0.638427734375,0.64208984375
3.197021484375,3.17626953125,157.86123085022,0.638427734375,0.64208984375
3.197021484375,3.17626953125,158.11722779274,0.638427734375,0.64208984375
3.197021484375,3.17626953125,158.373156309128,0.638427734375,0.64208984375
3.197021484375,3.17626953125,158.629150867462,0.638427734375,0.64208984375
3.1982421875,3.17626953125,158.885021686554,0.6396484375,0.64208984375
3.1982421875,3.17626953125,159.141018629074,0.6396484375,0.64208984375
3.201904296875,3.187255859375,159.652905702591,0.643310546875,0.653076171875
3.216552734375,3.19580078125,159.908914804459,0.657958984375,0.66162109375
3.223876953125,3.204345703125,160.16504907608,0.665283203125,0.670166015625
3.233642578125,3.21533203125,160.420916318893,0.675048828125,0.68115234375
3.243408203125,3.226318359375,160.676861524582,0.684814453125,0.692138671875
3.251953125,3.23486328125,160.932802915573,0.693359375,0.70068359375
3.26171875,3.2470703125,161.188707590103,0.703125,0.712890625
3.270263671875,3.2568359375,161.700635194778,0.711669921875,0.72265625
3.271484375,3.2568359375,161.956691026688,0.712890625,0.72265625
3.272705078125,3.258056640625,162.212663173676,0.714111328125,0.723876953125
3.272705078125,3.25927734375,162.46857881546,0.714111328125,0.72509765625
3.272705078125,3.25927734375,162.724525690079,0.714111328125,0.72509765625
3.27392578125,3.25927734375,162.980545282364,0.71533203125,0.72509765625
3.27392578125,3.25927734375,163.236474752426,0.71533203125,0.72509765625
3.27392578125,3.25927734375,163.4924223423,0.71533203125,0.72509765625
3.27392578125,3.25927734375,163.748316764832,0.71533203125,0.72509765625
3.27392578125,3.25927734375,164.004371404648,0.71533203125,0.72509765625
3.27392578125,3.25927734375,164.260333061218,0.71533203125,0.72509765625
3.27392578125,3.260498046875,164.516214132309,0.71533203125,0.726318359375
3.275146484375,3.260498046875,164.772209405899,0.716552734375,0.726318359375
3.275146484375,3.260498046875,165.028172969818,0.716552734375,0.726318359375
3.275146484375,3.260498046875,165.284174442291,0.716552734375,0.726318359375
3.275146484375,3.260498046875,165.540063142777,0.716552734375,0.726318359375
3.275146484375,3.260498046875,165.79607629776,0.716552734375,0.726318359375
3.275146484375,3.260498046875,166.052214860916,0.716552734375,0.726318359375
3.275146484375,3.260498046875,166.308062553406,0.716552734375,0.726318359375
3.27880859375,3.27392578125,166.819917678833,0.72021484375,0.73974609375
3.291015625,3.28369140625,167.075911521912,0.732421875,0.74951171875
3.30078125,3.292236328125,167.331885099411,0.7421875,0.758056640625
3.309326171875,3.30078125,167.587837457657,0.750732421875,0.7666015625
3.31787109375,3.309326171875,167.843784809113,0.75927734375,0.775146484375
3.32763671875,3.316650390625,168.099789381027,0.76904296875,0.782470703125
3.33740234375,3.3203125,168.611820697784,0.77880859375,0.7861328125
3.338623046875,3.321533203125,168.867673397064,0.780029296875,0.787353515625
3.338623046875,3.321533203125,169.123582839966,0.780029296875,0.787353515625
3.33984375,3.321533203125,169.379639148712,0.78125,0.787353515625
3.33984375,3.321533203125,169.63557100296,0.78125,0.787353515625
3.33984375,3.32275390625,169.891546964645,0.78125,0.78857421875
3.33984375,3.32275390625,170.14755821228,0.78125,0.78857421875
3.33984375,3.32275390625,170.403479099274,0.78125,0.78857421875
3.341064453125,3.32275390625,170.659462690353,0.782470703125,0.78857421875
3.341064453125,3.32275390625,170.915327310562,0.782470703125,0.78857421875
3.341064453125,3.32275390625,171.171376466751,0.782470703125,0.78857421875
3.341064453125,3.32275390625,171.427264928818,0.782470703125,0.78857421875
3.341064453125,3.32275390625,171.683231830597,0.782470703125,0.78857421875
3.341064453125,3.32275390625,171.939227819443,0.782470703125,0.78857421875
3.341064453125,3.32275390625,172.195156574249,0.782470703125,0.78857421875
3.341064453125,3.32275390625,172.451241731644,0.782470703125,0.78857421875
3.341064453125,3.32275390625,172.707162380219,0.782470703125,0.78857421875
3.341064453125,3.32275390625,172.963006734848,0.782470703125,0.78857421875
3.34228515625,3.323974609375,173.218941450119,0.78369140625,0.789794921875
3.345947265625,3.33251953125,173.730830907822,0.787353515625,0.79833984375
3.359375,3.341064453125,173.986788988113,0.80078125,0.806884765625
3.369140625,3.349609375,174.242767572403,0.810546875,0.8154296875
3.377685546875,3.365478515625,174.498826026917,0.819091796875,0.831298828125
3.388671875,3.38623046875,174.754745721817,0.830078125,0.85205078125
3.399658203125,3.39599609375,175.01064324379,0.841064453125,0.86181640625
3.406982421875,3.406982421875,175.266612052917,0.848388671875,0.872802734375
3.416748046875,3.4130859375,175.778549671173,0.858154296875,0.87890625
3.41796875,3.414306640625,176.034508705139,0.859375,0.880126953125
3.419189453125,3.414306640625,176.290553569794,0.860595703125,0.880126953125
3.419189453125,3.414306640625,176.54653429985,0.860595703125,0.880126953125
3.419189453125,3.414306640625,176.802429676056,0.860595703125,0.880126953125
3.419189453125,3.414306640625,177.058423757553,0.860595703125,0.880126953125
3.419189453125,3.414306640625,177.314349651337,0.860595703125,0.880126953125
3.419189453125,3.414306640625,177.570334434509,0.860595703125,0.880126953125
3.419189453125,3.41552734375,177.826223134995,0.860595703125,0.88134765625
3.42041015625,3.41552734375,178.082235336304,0.86181640625,0.88134765625
3.42041015625,3.41552734375,178.338168144226,0.86181640625,0.88134765625
3.42041015625,3.41552734375,178.594136714935,0.86181640625,0.88134765625
3.42041015625,3.41552734375,178.850087165833,0.86181640625,0.88134765625
3.42041015625,3.41552734375,179.106076955795,0.86181640625,0.88134765625
3.42041015625,3.41552734375,179.362033605576,0.86181640625,0.88134765625
3.42041015625,3.41552734375,179.617973804474,0.86181640625,0.88134765625
3.42041015625,3.416748046875,179.873946666718,0.86181640625,0.882568359375
3.42041015625,3.416748046875,180.129990339279,0.86181640625,0.882568359375
3.42529296875,3.428955078125,180.641847610474,0.86669921875,0.894775390625
3.4375,3.438720703125,180.897840499878,0.87890625,0.904541015625
3.448486328125,3.447265625,181.153745889664,0.889892578125,0.9130859375
3.460693359375,3.455810546875,181.409741640091,0.902099609375,0.921630859375
3.470458984375,3.465576171875,181.665705680847,0.911865234375,0.931396484375
3.480224609375,3.4765625,181.921583652496,0.921630859375,0.9423828125
3.4912109375,3.48876953125,182.177691936493,0.9326171875,0.95458984375
3.502197265625,3.497314453125,182.689700841904,0.943603515625,0.963134765625
3.502197265625,3.497314453125,182.945458173752,0.943603515625,0.963134765625
3.50341796875,3.49853515625,183.201441287994,0.94482421875,0.96435546875
3.504638671875,3.499755859375,183.457417011261,0.946044921875,0.965576171875
3.504638671875,3.499755859375,183.713423013687,0.946044921875,0.965576171875
3.505859375,3.499755859375,183.96932053566,0.947265625,0.965576171875
3.505859375,3.5009765625,184.225355863571,0.947265625,0.966796875
3.505859375,3.5009765625,184.481308221817,0.947265625,0.966796875
3.505859375,3.5009765625,184.737222671509,0.947265625,0.966796875
3.505859375,3.502197265625,184.993232011795,0.947265625,0.968017578125
3.505859375,3.502197265625,185.249158620834,0.947265625,0.968017578125
3.507080078125,3.502197265625,185.505158424377,0.948486328125,0.968017578125
3.507080078125,3.502197265625,185.761152744293,0.948486328125,0.968017578125
3.507080078125,3.502197265625,186.017062902451,0.948486328125,0.968017578125
3.507080078125,3.502197265625,186.27298784256,0.948486328125,0.968017578125
3.507080078125,3.50341796875,186.529066562653,0.948486328125,0.96923828125
3.507080078125,3.50341796875,186.78507232666,0.948486328125,0.96923828125
3.507080078125,3.504638671875,187.040931463242,0.948486328125,0.970458984375
3.507080078125,3.504638671875,187.296886444092,0.948486328125,0.970458984375
3.511962890625,3.515625,187.808767795563,0.953369140625,0.9814453125
3.525390625,3.525390625,188.064777851105,0.966796875,0.9912109375
3.533935546875,3.536376953125,188.320713758469,0.975341796875,1.002197265625
3.54248046875,3.546142578125,188.576899051666,0.98388671875,1.011962890625
3.553466796875,3.5546875,188.832762241364,0.994873046875,1.0205078125
3.564453125,3.565673828125,189.088629007339,1.005859375,1.031494140625
3.57421875,3.57421875,189.600585222244,1.015625,1.0400390625
3.575439453125,3.575439453125,189.856492757797,1.016845703125,1.041259765625
3.57666015625,3.57666015625,190.112440824509,1.01806640625,1.04248046875
3.57666015625,3.57666015625,190.368551254272,1.01806640625,1.04248046875
3.577880859375,3.577880859375,190.624388217926,1.019287109375,1.043701171875
3.577880859375,3.577880859375,190.880345582962,1.019287109375,1.043701171875
3.577880859375,3.577880859375,191.136352300644,1.019287109375,1.043701171875
3.577880859375,3.577880859375,191.39223575592,1.019287109375,1.043701171875
3.5791015625,3.5791015625,191.648296356201,1.0205078125,1.044921875
3.5791015625,3.5791015625,191.904167890549,1.0205078125,1.044921875
3.5791015625,3.5791015625,192.160121679306,1.0205078125,1.044921875
3.5791015625,3.5791015625,192.416145324707,1.0205078125,1.044921875
3.5791015625,3.580322265625,192.672123193741,1.0205078125,1.046142578125
3.5791015625,3.580322265625,192.928070306778,1.0205078125,1.046142578125
3.5791015625,3.580322265625,193.184022665024,1.0205078125,1.046142578125
3.580322265625,3.580322265625,193.439981937408,1.021728515625,1.046142578125
3.580322265625,3.580322265625,193.696039438248,1.021728515625,1.046142578125
3.580322265625,3.580322265625,193.951955080032,1.021728515625,1.046142578125
3.580322265625,3.58154296875,194.208039522171,1.021728515625,1.04736328125
3.583984375,3.590087890625,194.719889879227,1.025390625,1.055908203125
3.597412109375,3.5986328125,194.975808620453,1.038818359375,1.064453125
3.607177734375,3.607177734375,195.231751918793,1.048583984375,1.072998046875
3.616943359375,3.616943359375,195.487739086151,1.058349609375,1.082763671875
3.6279296875,3.626708984375,195.743778944016,1.0693359375,1.092529296875
3.6376953125,3.63525390625,195.999585866928,1.0791015625,1.10107421875
3.6474609375,3.642578125,196.255793809891,1.0888671875,1.1083984375
3.656005859375,3.646240234375,196.767720460892,1.097412109375,1.112060546875
3.658447265625,3.6474609375,197.023456335068,1.099853515625,1.11328125
3.658447265625,3.6474609375,197.279476165772,1.099853515625,1.11328125
3.658447265625,3.6474609375,197.535461902618,1.099853515625,1.11328125
3.658447265625,3.6474609375,197.791406393051,1.099853515625,1.11328125
3.65966796875,3.648681640625,198.04734826088,1.10107421875,1.114501953125
3.65966796875,3.648681640625,198.303327560425,1.10107421875,1.114501953125
3.65966796875,3.648681640625,198.559304237366,1.10107421875,1.114501953125
3.660888671875,3.648681640625,198.81524848938,1.102294921875,1.114501953125
3.660888671875,3.648681640625,199.071263790131,1.102294921875,1.114501953125
3.660888671875,3.648681640625,199.327232122421,1.102294921875,1.114501953125
3.660888671875,3.648681640625,199.583249092102,1.102294921875,1.114501953125
3.660888671875,3.648681640625,199.839159965515,1.102294921875,1.114501953125
3.660888671875,3.648681640625,200.095056295395,1.102294921875,1.114501953125
3.660888671875,3.648681640625,200.351060390472,1.102294921875,1.114501953125
3.662109375,3.648681640625,200.606988191605,1.103515625,1.114501953125
3.662109375,3.648681640625,200.863132715225,1.103515625,1.114501953125
3.662109375,3.64990234375,201.119000434875,1.103515625,1.11572265625
3.66455078125,3.656005859375,201.631033182144,1.10595703125,1.121826171875
3.677978515625,3.663330078125,201.886971235275,1.119384765625,1.129150390625
3.687744140625,3.670654296875,202.142859458923,1.129150390625,1.136474609375
3.6962890625,3.681640625,202.398829221725,1.1376953125,1.1474609375
3.7060546875,3.69384765625,202.654883623123,1.1474609375,1.15966796875
3.714599609375,3.70849609375,202.910774946213,1.156005859375,1.17431640625
3.72314453125,3.724365234375,203.1666264534,1.16455078125,1.190185546875
3.731689453125,3.729248046875,203.678580999374,1.173095703125,1.195068359375
3.734130859375,3.73046875,203.934571743011,1.175537109375,1.1962890625
3.734130859375,3.73046875,204.190631151199,1.175537109375,1.1962890625
3.7353515625,3.731689453125,204.446534872055,1.1767578125,1.197509765625
3.7353515625,3.73291015625,204.702605009079,1.1767578125,1.19873046875
3.736572265625,3.73291015625,204.958443641663,1.177978515625,1.19873046875
3.736572265625,3.73291015625,205.214348554611,1.177978515625,1.19873046875
3.736572265625,3.73291015625,205.470320940018,1.177978515625,1.19873046875
3.736572265625,3.73291015625,205.72633934021,1.177978515625,1.19873046875
3.73779296875,3.73291015625,205.982260942459,1.17919921875,1.19873046875
3.73779296875,3.734130859375,206.238206148148,1.17919921875,1.199951171875
3.73779296875,3.734130859375,206.494251251221,1.17919921875,1.199951171875
3.73779296875,3.734130859375,206.75009894371,1.17919921875,1.199951171875
3.73779296875,3.734130859375,207.006160497665,1.17919921875,1.199951171875
3.73779296875,3.734130859375,207.26215004921,1.17919921875,1.199951171875
3.73779296875,3.734130859375,207.518064022064,1.17919921875,1.199951171875
3.73779296875,3.7353515625,207.774070501328,1.17919921875,1.201171875
3.73779296875,3.734130859375,208.030081987381,1.17919921875,1.199951171875
3.73779296875,3.7353515625,208.286031723022,1.17919921875,1.201171875
3.741455078125,3.7451171875,208.814069509506,1.182861328125,1.2109375
3.75244140625,3.753662109375,209.069835424423,1.19384765625,1.219482421875
3.76220703125,3.763427734375,209.325772762299,1.20361328125,1.229248046875
3.77197265625,3.77197265625,209.581661939621,1.21337890625,1.23779296875
3.780517578125,3.780517578125,209.837744951248,1.221923828125,1.246337890625
3.790283203125,3.79150390625,210.093697547913,1.231689453125,1.25732421875
3.8037109375,3.80126953125,210.349627494812,1.2451171875,1.26708984375
3.812255859375,3.80859375,210.861658573151,1.253662109375,1.2744140625
3.8134765625,3.809814453125,211.117588996887,1.2548828125,1.275634765625
3.814697265625,3.81103515625,211.373489379883,1.256103515625,1.27685546875
3.814697265625,3.812255859375,211.629428625107,1.256103515625,1.278076171875
3.81591796875,3.812255859375,211.885493755341,1.25732421875,1.278076171875
3.81591796875,3.8134765625,212.141541957855,1.25732421875,1.279296875
3.81591796875,3.8134765625,212.397410154343,1.25732421875,1.279296875
3.817138671875,3.8134765625,212.653322696686,1.258544921875,1.279296875
3.817138671875,3.8134765625,212.909324884415,1.258544921875,1.279296875
3.817138671875,3.8134765625,213.165205001831,1.258544921875,1.279296875
3.817138671875,3.8134765625,213.421205282211,1.258544921875,1.279296875
3.817138671875,3.8134765625,213.677164554596,1.258544921875,1.279296875
3.817138671875,3.8134765625,213.933098316193,1.258544921875,1.279296875
3.817138671875,3.8134765625,214.189080238342,1.258544921875,1.279296875
3.817138671875,3.8134765625,214.445025920868,1.258544921875,1.279296875
3.818359375,3.814697265625,214.700993299484,1.259765625,1.280517578125
3.818359375,3.814697265625,214.957078695297,1.259765625,1.280517578125
3.818359375,3.814697265625,215.212982416153,1.259765625,1.280517578125
3.82080078125,3.8232421875,215.725057840347,1.26220703125,1.2890625
3.834228515625,3.8330078125,215.980909347534,1.275634765625,1.298828125
3.843994140625,3.84521484375,216.236935853958,1.285400390625,1.31103515625
3.8525390625,3.853759765625,216.492815971374,1.2939453125,1.319580078125
3.865966796875,3.86474609375,216.748863220215,1.307373046875,1.33056640625
3.87451171875,3.875732421875,217.004815101624,1.31591796875,1.341552734375
3.88427734375,3.887939453125,217.260735750198,1.32568359375,1.353759765625
3.896484375,3.895263671875,217.772669792175,1.337890625,1.361083984375
3.897705078125,3.896484375,218.028669595718,1.339111328125,1.3623046875
3.897705078125,3.897705078125,218.284592628479,1.339111328125,1.363525390625
3.897705078125,3.89892578125,218.540826797485,1.339111328125,1.36474609375
3.897705078125,3.89892578125,218.796519041061,1.339111328125,1.36474609375
3.89892578125,3.900146484375,219.052487373352,1.34033203125,1.365966796875
3.89892578125,3.900146484375,219.30841588974,1.34033203125,1.365966796875
3.89892578125,3.900146484375,219.564355373383,1.34033203125,1.365966796875
3.900146484375,3.900146484375,219.820287704468,1.341552734375,1.365966796875
3.9013671875,3.900146484375,220.07634139061,1.3427734375,1.365966796875
3.9013671875,3.900146484375,220.33216714859,1.3427734375,1.365966796875
3.9013671875,3.900146484375,220.588175058365,1.3427734375,1.365966796875
3.9013671875,3.9013671875,220.844168663025,1.3427734375,1.3671875
3.9013671875,3.9013671875,221.100066184998,1.3427734375,1.3671875
3.9013671875,3.9013671875,221.356011152267,1.3427734375,1.3671875
3.9013671875,3.9013671875,221.612078666687,1.3427734375,1.3671875
3.9013671875,3.9013671875,221.867977380753,1.3427734375,1.3671875
3.9013671875,3.9013671875,222.124157428741,1.3427734375,1.3671875
3.90380859375,3.91357421875,222.635987043381,1.34521484375,1.37939453125
3.91845703125,3.924560546875,222.891904830933,1.35986328125,1.390380859375
3.929443359375,3.934326171875,223.147891759872,1.370849609375,1.400146484375
3.9404296875,3.94287109375,223.403724431992,1.3818359375,1.40869140625
3.9501953125,3.953857421875,223.659726858139,1.3916015625,1.419677734375
3.9599609375,3.963623046875,223.915812730789,1.4013671875,1.429443359375
3.970947265625,3.973388671875,224.171726703644,1.412353515625,1.439208984375
3.980712890625,3.978271484375,224.683828353882,1.422119140625,1.444091796875
3.98193359375,3.9794921875,224.939595222473,1.42333984375,1.4453125
3.983154296875,3.9794921875,225.195537090302,1.424560546875,1.4453125
3.983154296875,3.980712890625,225.451470375061,1.424560546875,1.446533203125
3.983154296875,3.980712890625,225.707418441772,1.424560546875,1.446533203125
3.983154296875,3.980712890625,225.963447570801,1.424560546875,1.446533203125
3.984375,3.980712890625,226.219429254532,1.42578125,1.446533203125
3.984375,3.980712890625,226.475378513336,1.42578125,1.446533203125
3.984375,3.980712890625,226.731323719025,1.42578125,1.446533203125
3.984375,3.980712890625,226.987282752991,1.42578125,1.446533203125
3.984375,3.980712890625,227.243330717087,1.42578125,1.446533203125
3.985595703125,3.98193359375,227.499293327332,1.427001953125,1.44775390625
3.985595703125,3.98193359375,227.755257606506,1.427001953125,1.44775390625
3.985595703125,3.98193359375,228.011214971542,1.427001953125,1.44775390625
3.985595703125,3.98193359375,228.267114639282,1.427001953125,1.44775390625
3.985595703125,3.98193359375,228.523122787476,1.427001953125,1.44775390625
3.985595703125,3.98193359375,228.779182910919,1.427001953125,1.44775390625
3.985595703125,3.98193359375,229.035052061081,1.427001953125,1.44775390625
3.985595703125,3.983154296875,229.290951490402,1.427001953125,1.448974609375
3.990478515625,3.992919921875,229.802936553955,1.431884765625,1.458740234375
4.002685546875,4.002685546875,230.058881044388,1.444091796875,1.468505859375
4.013671875,4.01123046875,230.314816713333,1.455078125,1.47705078125
4.024658203125,4.02099609375,230.570930957794,1.466064453125,1.48681640625
4.034423828125,4.0283203125,230.826815605164,1.475830078125,1.494140625
4.04296875,4.0380859375,231.082864522934,1.484375,1.50390625
4.052734375,4.0478515625,231.338672876358,1.494140625,1.513671875
4.0625,4.052734375,231.850598096848,1.50390625,1.5185546875
4.063720703125,4.053955078125,232.106585741043,1.505126953125,1.519775390625
4.063720703125,4.053955078125,232.362549781799,1.505126953125,1.519775390625
4.06494140625,4.053955078125,232.6184694767,1.50634765625,1.519775390625
4.06494140625,4.053955078125,232.874475002289,1.50634765625,1.519775390625
4.06494140625,4.053955078125,233.130359888077,1.50634765625,1.519775390625
4.06494140625,4.05517578125,233.386288166046,1.50634765625,1.52099609375
4.066162109375,4.05517578125,233.64229798317,1.507568359375,1.52099609375
4.066162109375,4.05517578125,233.898151159286,1.507568359375,1.52099609375
4.066162109375,4.05517578125,234.154181480408,1.507568359375,1.52099609375
4.066162109375,4.056396484375,234.410120248795,1.507568359375,1.522216796875
4.066162109375,4.056396484375,234.666092395782,1.507568359375,1.522216796875
4.0673828125,4.056396484375,234.922012805939,1.5087890625,1.522216796875
4.0673828125,4.056396484375,235.178075551987,1.5087890625,1.522216796875
4.0673828125,4.056396484375,235.434022665024,1.5087890625,1.522216796875
4.0673828125,4.056396484375,235.689955711365,1.5087890625,1.522216796875
4.0673828125,4.056396484375,235.945937156677,1.5087890625,1.522216796875
4.0673828125,4.056396484375,236.201887369156,1.5087890625,1.522216796875
4.071044921875,4.066162109375,236.714125871658,1.512451171875,1.531982421875
4.083251953125,4.07470703125,236.969780683517,1.524658203125,1.54052734375
4.09423828125,4.08447265625,237.225739002228,1.53564453125,1.55029296875
4.10400390625,4.093017578125,237.481692790985,1.54541015625,1.558837890625
4.11376953125,4.102783203125,237.73764872551,1.55517578125,1.568603515625
4.122314453125,4.112548828125,237.993616580963,1.563720703125,1.578369140625
4.132080078125,4.122314453125,238.249523878098,1.573486328125,1.588134765625
4.141845703125,4.12841796875,238.761424303055,1.583251953125,1.59423828125
4.14306640625,4.129638671875,239.017453670502,1.58447265625,1.595458984375
4.14306640625,4.129638671875,239.273349761963,1.58447265625,1.595458984375
4.14306640625,4.129638671875,239.529335260391,1.58447265625,1.595458984375
4.144287109375,4.130859375,239.785296916962,1.585693359375,1.5966796875
4.144287109375,4.130859375,240.041284322739,1.585693359375,1.5966796875
4.144287109375,4.130859375,240.297250032425,1.585693359375,1.5966796875
4.144287109375,4.130859375,240.553180217743,1.585693359375,1.5966796875
4.1455078125,4.130859375,240.809043884277,1.5869140625,1.5966796875
4.1455078125,4.130859375,241.06502532959,1.5869140625,1.5966796875
4.1455078125,4.130859375,241.321015834808,1.5869140625,1.5966796875
4.1455078125,4.130859375,241.577015638351,1.5869140625,1.5966796875
4.146728515625,4.130859375,241.832904100418,1.588134765625,1.5966796875
4.146728515625,4.132080078125,242.088867664337,1.588134765625,1.597900390625
4.146728515625,4.132080078125,242.34484577179,1.588134765625,1.597900390625
4.146728515625,4.132080078125,242.600878953934,1.588134765625,1.597900390625
4.146728515625,4.132080078125,242.856832742691,1.588134765625,1.597900390625
4.146728515625,4.132080078125,243.112755775452,1.588134765625,1.597900390625
4.146728515625,4.132080078125,243.368729829788,1.588134765625,1.597900390625
4.150390625,4.144287109375,243.880686759949,1.591796875,1.610107421875
4.163818359375,4.154052734375,244.136613845825,1.605224609375,1.619873046875
4.173583984375,4.1650390625,244.392639875412,1.614990234375,1.630859375
4.183349609375,4.17724609375,244.648607254028,1.624755859375,1.64306640625
4.19189453125,4.189453125,244.904485940933,1.63330078125,1.6552734375
4.20166015625,4.200439453125,245.160626411438,1.64306640625,1.666259765625
4.21142578125,4.20654296875,245.688392877579,1.65283203125,1.67236328125
4.21142578125,4.207763671875,245.94442152977,1.65283203125,1.673583984375
4.212646484375,4.207763671875,246.200363636017,1.654052734375,1.673583984375
4.212646484375,4.208984375,246.456285476685,1.654052734375,1.6748046875
4.212646484375,4.208984375,246.712471008301,1.654052734375,1.6748046875
4.212646484375,4.208984375,246.968346357346,1.654052734375,1.6748046875
4.2138671875,4.208984375,247.224176168442,1.6552734375,1.6748046875
4.2138671875,4.210205078125,247.48017001152,1.6552734375,1.676025390625
4.2138671875,4.210205078125,247.736115694046,1.6552734375,1.676025390625
4.2138671875,4.210205078125,247.992029905319,1.6552734375,1.676025390625
4.2138671875,4.210205078125,248.248037338257,1.6552734375,1.676025390625
4.2138671875,4.210205078125,248.504027843475,1.6552734375,1.676025390625
4.215087890625,4.210205078125,248.75993680954,1.656494140625,1.676025390625
4.215087890625,4.210205078125,249.015924692154,1.656494140625,1.676025390625
4.215087890625,4.210205078125,249.271912574768,1.656494140625,1.676025390625
4.215087890625,4.210205078125,249.527892589569,1.656494140625,1.676025390625
4.215087890625,4.210205078125,249.78385925293,1.656494140625,1.676025390625
4.215087890625,4.21142578125,250.039767980576,1.656494140625,1.67724609375
4.215087890625,4.21142578125,250.295784235001,1.656494140625,1.67724609375
4.21875,4.2236328125,250.807792901993,1.66015625,1.689453125
4.232177734375,4.232177734375,251.063653945923,1.673583984375,1.697998046875
4.241943359375,4.241943359375,251.319631099701,1.683349609375,1.707763671875
4.251708984375,4.25048828125,251.57555437088,1.693115234375,1.71630859375
4.2626953125,4.259033203125,251.831480979919,1.7041015625,1.724853515625
4.2724609375,4.268798828125,252.087456226349,1.7138671875,1.734619140625
